{
  "Przypisania": {
    "2025-01-01T00:00:00": {
      "Symbol": "L02",
      "Imie": "Imie2",
      "Nazwisko": "Nazwisko2",
      "IsAktywny": true,
      "IsUkryty": false
    },
    "2025-01-02T00:00:00": {
      "Symbol": "L03",
      "Imie": "Imie3",
      "Nazwisko": "Nazwisko3",
      "IsAktywny": true,
      "IsUkryty": false
    },
    "2025-01-03T00:00:00": {
      "Symbol": "L12",
      "Imie": "Imie12",
      "Nazwisko": "Nazwisko12",
      "IsAktywny": true,
      "IsUkryty": false
    },
    "2025-01-04T00:00:00": {
      "Symbol": "L01",
      "Imie": "Imie1",
      "Nazwisko": "Nazwisko1",
      "IsAktywny": true,
      "IsUkryty": false
    },
    "2025-01-05T00:00:00": {
      "Symbol": "L05",
      "Imie": "Imie5",
      "Nazwisko": "Nazwisko5",
      "IsAktywny": true,
      "IsUkryty": false
    },
    "2025-01-06T00:00:00": {
      "Symbol": "L06",
      "Imie": "Imie6",
      "Nazwisko": "Nazwisko6",
      "IsAktywny": true,
      "IsUkryty": false
    },
    "2025-01-07T00:00:00": {
      "Symbol": "L04",
      "Imie": "Imie4",
      "Nazwisko": "Nazwisko4",
      "IsAktywny": true,
      "IsUkryty": false
    },
    "2025-01-08T00:00:00": {
      "Symbol": "L08",
      "Imie": "Imie8",
      "Nazwisko": "Nazwisko8",
      "IsAktywny": true,
      "IsUkryty": false
    },
    "2025-01-09T00:00:00": {
      "Symbol": "L09",
      "Imie": "Imie9",
      "Nazwisko": "Nazwisko9",
      "IsAktywny": true,
      "IsUkryty": false
    },
    "2025-01-10T00:00:00": {
      "Symbol": "L07",
      "Imie": "Imie7",
      "Nazwisko": "Nazwisko7",
      "IsAktywny": true,
      "IsUkryty": false
    },
    "2025-01-11T00:00:00": {
      "Symbol": "L11",
      "Imie": "Imie11",
      "Nazwisko": "Nazwisko11",
      "IsAktywny": true,
      "IsUkryty": false
    },
    "2025-01-12T00:00:00": {
      "Symbol": "L02",
      "Imie": "Imie2",
      "Nazwisko": "Nazwisko2",
      "IsAktywny": true,
      "IsUkryty": false
    },
    "2025-01-13T00:00:00": {
      "Symbol": "L10",
      "Imie": "Imie10",
      "Nazwisko": "Nazwisko10",
      "IsAktywny": true,
      "IsUkryty": false
    },
    "2025-01-14T00:00:00": {
      "Symbol": "L03",
      "Imie": "Imie3",
      "Nazwisko": "Nazwisko3",
      "IsAktywny": true,
      "IsUkryty": false
    },
    "2025-01-15T00:00:00": {
      "Symbol": "L01",
      "Imie": "Imie1",
      "Nazwisko": "Nazwisko1",
      "IsAktywny": true,
      "IsUkryty": false
    },
    "2025-01-16T00:00:00": {
      "Symbol": "L09",
      "Imie": "Imie9",
      "Nazwisko": "Nazwisko9",
      "IsAktywny": true,
      "IsUkryty": false
    },
    "2025-01-17T00:00:00": {
      "Symbol": "L12",
      "Imie": "Imie12",
      "Nazwisko": "Nazwisko12",
      "IsAktywny": true,
      "IsUkryty": false
    },
    "2025-01-18T00:00:00": {
      "Symbol": "L05",
      "Imie": "Imie5",
      "Nazwisko": "Nazwisko5",
      "IsAktywny": true,
      "IsUkryty": false
    },
    "2025-01-19T00:00:00": {
      "Symbol": "L04",
      "Imie": "Imie4",
      "Nazwisko": "Nazwisko4",
      "IsAktywny": true,
      "IsUkryty": false
    },
    "2025-01-20T00:00:00": {
      "Symbol": "L07",
      "Imie": "Imie7",
      "Nazwisko": "Nazwisko7",
      "IsAktywny": true,
      "IsUkryty": false
    },
    "2025-01-21T00:00:00": {
      "Symbol": "L06",
      "Imie": "Imie6",
      "Nazwisko": "Nazwisko6",
      "IsAktywny": true,
      "IsUkryty": false
    },
    "2025-01-22T00:00:00": {
      "Symbol": "L08",
      "Imie": "Imie8",
      "Nazwisko": "Nazwisko8",
      "IsAktywny": true,
      "IsUkryty": false
    },
    "2025-01-23T00:00:00": {
      "Symbol": "L02",
      "Imie": "Imie2",
      "Nazwisko": "Nazwisko2",
      "IsAktywny": true,
      "IsUkryty": false
    },
    "2025-01-24T00:00:00": {
      "Symbol": "L03",
      "Imie": "Imie3",
      "Nazwisko": "Nazwisko3",
      "IsAktywny": true,
      "IsUkryty": false
    },
    "2025-01-25T00:00:00": {
      "Symbol": "L09",
      "Imie": "Imie9",
      "Nazwisko": "Nazwisko9",
      "IsAktywny": true,
      "IsUkryty": false
    },
    "2025-01-26T00:00:00": {
      "Symbol": "L11",
      "Imie": "Imie11",
      "Nazwisko": "Nazwisko11",
      "IsAktywny": true,
      "IsUkryty": false
    },
    "2025-01-27T00:00:00": {
      "Symbol": "L04",
      "Imie": "Imie4",
      "Nazwisko": "Nazwisko4",
      "IsAktywny": true,
      "IsUkryty": false
    },
    "2025-01-28T00:00:00": {
      "Symbol": "L05",
      "Imie": "Imie5",
      "Nazwisko": "Nazwisko5",
      "IsAktywny": true,
      "IsUkryty": false
    },
    "2025-01-29T00:00:00": {
      "Symbol": "L12",
      "Imie": "Imie12",
      "Nazwisko": "Nazwisko12",
      "IsAktywny": true,
      "IsUkryty": false
    },
    "2025-01-30T00:00:00": {
      "Symbol": "L09",
      "Imie": "Imie9",
      "Nazwisko": "Nazwisko9",
      "IsAktywny": true,
      "IsUkryty": false
    },
    "2025-01-31T00:00:00": {
      "Symbol": "L04",
      "Imie": "Imie4",
      "Nazwisko": "Nazwisko4",
      "IsAktywny": true,
      "IsUkryty": false
    }
  },
  "DlugoscCiaguPoczatkowego": 31,
  "WskaznikRownomiernosci": 19.21290718420418,
  "WskaznikRozlozeniaDyzurow": 2.890383996412151,
  "FinalneOblozenieLekarzy": {
    "L01": 2,
    "L02": 3,
    "L03": 3,
    "L04": 4,
    "L05": 3,
    "L06": 2,
    "L07": 2,
    "L08": 2,
    "L09": 4,
    "L10": 1,
    "L11": 2,
    "L12": 3
  }
}