{
  "Przypisania": {
    "2025-01-01T00:00:00": {
      "Symbol": "L02",
      "Imie": "Imie2",
      "Nazwisko": "Nazwisko2",
      "IsAktywny": true,
      "IsUkryty": false
    },
    "2025-01-02T00:00:00": {
      "Symbol": "L03",
      "Imie": "Imie3",
      "Nazwisko": "Nazwisko3",
      "IsAktywny": true,
      "IsUkryty": false
    },
    "2025-01-03T00:00:00": {
      "Symbol": "L07",
      "Imie": "Imie7",
      "Nazwisko": "Nazwisko7",
      "IsAktywny": true,
      "IsUkryty": false
    },
    "2025-01-04T00:00:00": {
      "Symbol": "L01",
      "Imie": "Imie1",
      "Nazwisko": "Nazwisko1",
      "IsAktywny": true,
      "IsUkryty": false
    },
    "2025-01-05T00:00:00": {
      "Symbol": "L05",
      "Imie": "Imie5",
      "Nazwisko": "Nazwisko5",
      "IsAktywny": true,
      "IsUkryty": false
    },
    "2025-01-06T00:00:00": {
      "Symbol": "L06",
      "Imie": "Imie6",
      "Nazwisko": "Nazwisko6",
      "IsAktywny": true,
      "IsUkryty": false
    },
    "2025-01-07T00:00:00": {
      "Symbol": "L02",
      "Imie": "Imie2",
      "Nazwisko": "Nazwisko2",
      "IsAktywny": true,
      "IsUkryty": false
    },
    "2025-01-08T00:00:00": {
      "Symbol": "L01",
      "Imie": "Imie1",
      "Nazwisko": "Nazwisko1",
      "IsAktywny": true,
      "IsUkryty": false
    },
    "2025-01-09T00:00:00": {
      "Symbol": "L03",
      "Imie": "Imie3",
      "Nazwisko": "Nazwisko3",
      "IsAktywny": true,
      "IsUkryty": false
    },
    "2025-01-10T00:00:00": {
      "Symbol": "L04",
      "Imie": "Imie4",
      "Nazwisko": "Nazwisko4",
      "IsAktywny": true,
      "IsUkryty": false
    },
    "2025-01-11T00:00:00": {
      "Symbol": "L05",
      "Imie": "Imie5",
      "Nazwisko": "Nazwisko5",
      "IsAktywny": true,
      "IsUkryty": false
    },
    "2025-01-12T00:00:00": {
      "Symbol": "L07",
      "Imie": "Imie7",
      "Nazwisko": "Nazwisko7",
      "IsAktywny": true,
      "IsUkryty": false
    },
    "2025-01-13T00:00:00": {
      "Symbol": "L01",
      "Imie": "Imie1",
      "Nazwisko": "Nazwisko1",
      "IsAktywny": true,
      "IsUkryty": false
    },
    "2025-01-14T00:00:00": {
      "Symbol": "L02",
      "Imie": "Imie2",
      "Nazwisko": "Nazwisko2",
      "IsAktywny": true,
      "IsUkryty": false
    },
    "2025-01-15T00:00:00": {
      "Symbol": "L06",
      "Imie": "Imie6",
      "Nazwisko": "Nazwisko6",
      "IsAktywny": true,
      "IsUkryty": false
    },
    "2025-01-16T00:00:00": null,
    "2025-01-17T00:00:00": {
      "Symbol": "L01",
      "Imie": "Imie1",
      "Nazwisko": "Nazwisko1",
      "IsAktywny": true,
      "IsUkryty": false
    },
    "2025-01-18T00:00:00": {
      "Symbol": "L05",
      "Imie": "Imie5",
      "Nazwisko": "Nazwisko5",
      "IsAktywny": true,
      "IsUkryty": false
    },
    "2025-01-19T00:00:00": {
      "Symbol": "L07",
      "Imie": "Imie7",
      "Nazwisko": "Nazwisko7",
      "IsAktywny": true,
      "IsUkryty": false
    },
    "2025-01-20T00:00:00": {
      "Symbol": "L02",
      "Imie": "Imie2",
      "Nazwisko": "Nazwisko2",
      "IsAktywny": true,
      "IsUkryty": false
    },
    "2025-01-21T00:00:00": {
      "Symbol": "L01",
      "Imie": "Imie1",
      "Nazwisko": "Nazwisko1",
      "IsAktywny": true,
      "IsUkryty": false
    },
    "2025-01-22T00:00:00": {
      "Symbol": "L05",
      "Imie": "Imie5",
      "Nazwisko": "Nazwisko5",
      "IsAktywny": true,
      "IsUkryty": false
    },
    "2025-01-23T00:00:00": null,
    "2025-01-24T00:00:00": null,
    "2025-01-25T00:00:00": {
      "Symbol": "L07",
      "Imie": "Imie7",
      "Nazwisko": "Nazwisko7",
      "IsAktywny": true,
      "IsUkryty": false
    },
    "2025-01-26T00:00:00": null,
    "2025-01-27T00:00:00": null,
    "2025-01-28T00:00:00": {
      "Symbol": "L05",
      "Imie": "Imie5",
      "Nazwisko": "Nazwisko5",
      "IsAktywny": true,
      "IsUkryty": false
    },
    "2025-01-29T00:00:00": {
      "Symbol": "L06",
      "Imie": "Imie6",
      "Nazwisko": "Nazwisko6",
      "IsAktywny": true,
      "IsUkryty": false
    },
    "2025-01-30T00:00:00": null,
    "2025-01-31T00:00:00": null
  },
  "DlugoscCiaguPoczatkowego": 15,
  "WskaznikRownomiernosci": 6.998542122158428,
  "WskaznikRozlozeniaDyzurow": 2.5560543153922333,
  "FinalneOblozenieLekarzy": {
    "L01": 5,
    "L02": 4,
    "L03": 2,
    "L04": 1,
    "L05": 5,
    "L06": 3,
    "L07": 4
  }
}